execucao,tempo_execucao,stress,trustworthiness,continuity
1,103.73397397994995,0.06080231994569342,0.9978494776955539,0.4520100502512621
2,91.56506109237671,0.06080231994569342,0.9978494776955539,0.4520100502512621
3,88.86882901191711,0.06080231994569342,0.9978494776955539,0.4520100502512621
4,85.71962237358093,0.06080231994569342,0.9978494776955539,0.4520100502512621
5,86.45266008377075,0.06080231994569342,0.9978494776955539,0.4520100502512621
