Dataset,Method,Time (s),Stress,Trustwrthiness,Continuity
HATE SPEECH,PCA,0.22754263877868652,0.7655430380046245,0.8385682507583417,0.7703290481005345
HATE SPEECH,TSNE,1.886481523513794,8.34531669413672,0.9049071211902354,0.8662225913621262
HATE SPEECH,UMAP,14.311255693435669,7.880802317155746,0.9147733641484905,0.8656391737685974
HATE SPEECH,MDS,24.999502420425415,0.3981523677334928,0.8367119745774954,0.7026725408060089
BANK MARKETING,PCA,0.007994890213012695,0.6938547639432192,0.6990283114256826,0.8751942799364437
BANK MARKETING,TSNE,1.1657111644744873,2.410627581665849,0.9859708218980211,0.9714695941066012
BANK MARKETING,UMAP,7.66302752494812,0.612249327107135,0.9822468582984255,0.9688301314459049
BANK MARKETING,MDS,21.619062900543213,0.3195691792257644,0.7506268958543983,0.8726543406037846
