Dataset,Method,Time (s),Stress,Trustwrthiness,Continuity
HATE SPEECH,PCA,0.22754263877868652,0.7655430380046245,0.8385682507583417,0.7703290481005345
HATE SPEECH,TSNE,1.886481523513794,8.34531669413672,0.9049071211902354,0.8662225913621262
HATE SPEECH,UMAP,14.311255693435669,7.880802317155746,0.9147733641484905,0.8656391737685974
HATE SPEECH,MDS,24.999502420425415,0.3981523677334928,0.8367119745774954,0.7026725408060089
