conjunto,execucao,tempo_execucao,stress,trustworthiness,continuity
spam,1,89.89171528816223,0.06080231994569342,0.9978494776955539,0.4520100502512621
spam,2,95.9717173576355,0.06080231994569342,0.9978494776955539,0.4520100502512621
spam,3,96.45839023590088,0.06080231994569342,0.9978494776955539,0.4520100502512621
spam,4,92.2780704498291,0.06080231994569342,0.9978494776955539,0.4520100502512621
spam,5,94.51687002182007,0.06080231994569342,0.9978494776955539,0.4520100502512621
