conjunto,execucao,tempo_execucao,stress,trustworthiness,continuity
cifar10,1,1.5859475135803223,0.7120311841076077,0.8184533822211554,0.00482399999999991
