execucao,tempo_execucao,stress,trustworthiness,continuity
1,0.003826618194580078,0.6960404951964174,0.7314548406032699,0.31316080513162564
2,0.0044612884521484375,0.6960404951964174,0.7314548406032699,0.31316080513162564
3,0.0024788379669189453,0.6960404951964174,0.7314548406032699,0.31316080513162564
4,0.0028722286224365234,0.6960404951964174,0.7314548406032699,0.31316080513162564
5,0.0027790069580078125,0.6960404951964174,0.7314548406032699,0.31316080513162564
